agent,goal_name,episode,step,sim_time_s,x_m,y_m,yaw_rad,goal_x_m,goal_y_m,dist_to_goal_m,surge_mps,yaw_rate_radps,action_linear,action_angular,step_reward,cumulative_reward,success
PID,front,0,0,0.0,0.0,0.0,0.0,2.0,0.0,2.0,0.0,0.0,0.0,0.0,0.0,0.0,False
PID,front,0,1,0.05,0.003046442537876582,-3.555814808442541e-20,-1.4403514266019106e-18,2.0,0.0,1.9969535574621233,0.11867441531989927,-1.474238214427462e-17,1.0,0.0,0.10662548989057541,0.10662548989057541,False
PID,front,0,2,0.1,0.013076954581479068,-8.467981320202505e-20,-7.265668050139668e-18,2.0,0.0,1.986923045418521,0.2706720800191516,-2.2419615017638716e-16,1.0,2.053743050000746e-18,0.3510679304599762,0.4576934203505516,False
PID,front,0,3,0.15000000000000002,0.02988227076286672,-3.586538681880171e-19,-2.0701404046105285e-17,2.0,0.0,1.9701177292371332,0.40609756616982323,-2.706507381657528e-16,1.0,9.266489157764067e-18,0.5881860852241516,1.0458795055747032,False
PID,front,0,4,0.2,0.05382312544070703,-1.0093095406448888e-18,-4.233188319515792e-17,2.0,0.0,1.946176874559293,0.5459334468598341,-5.872658385585696e-16,1.0,2.4266632016637424e-17,0.837929904460907,1.8838094100356102,False
PID,front,0,5,0.25,0.08473606128090928,-2.9756576009531203e-18,-1.0794350622140824e-16,2.0,0.0,1.9152639387190906,0.6801636838226882,-8.724803974481658e-16,1.0,4.5646152232558566e-17,1.0819528102874756,2.965762220323086,False
PID,front,0,6,0.30000000000000004,0.11901744738481188,-6.787278275990811e-18,-8.40207479530448e-17,2.0,0.0,1.8809825526151882,0.6836208534104986,9.209696186008476e-16,1.0,1.240449443356279e-16,1.1998485326766968,4.165610752999783,False
PID,front,0,7,0.35000000000000003,0.15373065417313844,-9.519617261932422e-18,-6.489491001483581e-17,2.0,0.0,1.8462693458268615,0.6558844723671542,-6.8023591838662575e-16,1.0,4.631061649245506e-17,1.2149622440338135,5.380572997033596,False
PID,front,0,8,0.4,0.1881353501582351,-1.1817113086827166e-17,-5.348896737405473e-17,2.0,0.0,1.811864649841765,0.698830888001353,4.344694285270713e-16,1.0,3.6952801631981466e-17,1.2041643857955933,6.584737382829189,False
PID,front,0,9,0.45,0.2224537737334246,-1.3371261068868158e-17,-2.852753835013349e-17,2.0,0.0,1.7775462262665753,0.6967378793853827,3.00992948143551e-16,1.0,3.5190867222574114e-17,1.201144814491272,7.785882197320461,False
PID,front,0,10,0.5,0.2568599116064645,-1.3797372156819504e-17,-1.715862912698664e-17,2.0,0.0,1.7431400883935355,0.6900672482346203,4.361051311567807e-16,1.0,8.513142686687523e-18,1.2042148113250732,8.990097008645535,False
PID,front,0,11,0.55,0.29127531944960655,-1.4179244848295044e-17,8.467144975584642e-18,2.0,0.0,1.7087246805503935,0.6808237274194893,4.669137437578254e-16,1.0,9.928089718379905e-18,1.2045392990112305,10.194636307656765,False
PID,front,0,12,0.6000000000000001,0.3260358862794749,-1.3764242849519955e-17,1.9615146418342795e-17,2.0,0.0,1.6739641137205252,0.7002430473499827,2.5126646750458573e-16,1.0,-1.7895683630031555e-17,1.216619849205017,11.411256156861782,False
PID,front,0,13,0.65,0.3603630815192807,-1.3405672299054247e-17,3.3818062814571656e-18,2.0,0.0,1.6396369184807194,0.6982898574147336,-2.9519878452970437e-16,1.0,-1.592690609101042e-17,1.2014517784118652,12.612707935273647,False
PID,front,0,14,0.7000000000000001,0.39469358707865543,-1.3572305203796168e-17,2.659564720537051e-19,2.0,0.0,1.6053064129213446,0.6958857011288676,-2.447858792300162e-17,1.0,1.477534660124472e-17,1.2015676498413086,13.814275585114956,False
PID,front,0,15,0.75,0.4291054828263364,-1.410866326311088e-17,4.093786373197078e-18,2.0,0.0,1.5708945171736635,0.6883372672944947,3.176881353793728e-16,1.0,8.157179572145741e-18,1.2044163942337036,15.01869197934866,False
PID,front,0,16,0.8,0.46358162586263285,-1.384861283908202e-17,9.411941830821397e-18,2.0,0.0,1.5364183741373671,0.6733506005082092,-3.2758905583798543e-16,1.0,1.1171255118287635e-18,1.2066650390625,16.22535701841116,False
PID,front,0,17,0.8500000000000001,0.4982635371072834,-1.3559302460088155e-17,1.5857933859096015e-17,2.0,0.0,1.5017364628927166,0.6998548388322827,2.2682215142220076e-16,1.0,-4.002994577072262e-18,1.213866949081421,17.43922396749258,False
PID,front,0,18,0.9,0.532601135580452,-1.3298127041821791e-17,3.0085525641005425e-17,2.0,0.0,1.4673988644195481,0.6976620711818351,4.69742246237758e-16,1.0,-9.337555552910948e-18,1.2018159627914429,18.641039930284023,False
PID,front,0,19,0.9500000000000001,0.5669286167788784,-1.1820571432179808e-17,5.548557756313776e-17,2.0,0.0,1.4330713832211215,0.6951952315048664,4.615304678722006e-16,1.0,-2.4801012199042607e-17,1.2014617919921875,19.84250172227621,False
PID,front,0,20,1.0,0.6013806193316386,-9.886666086002589e-18,7.802668331080935e-17,2.0,0.0,1.3986193806683613,0.6841061096609741,4.808430504219506e-16,1.0,-5.1726181197729536e-17,1.205820083618164,21.048321805894375,False
PID,front,0,21,1.05,0.6359155002973029,-6.737039823791726e-18,9.857761261904981e-17,2.0,0.0,1.364084499702697,0.6733183882158628,3.5375370106104395e-16,1.0,-6.66749726841756e-17,1.2087208032608032,22.257042609155178,False
PID,front,0,22,1.1,0.6704935643674405,-2.9065978994753033e-18,1.0794576008925708e-16,2.0,0.0,1.3295064356325597,0.6993903526416401,-5.283397671540721e-18,1.0,-8.19152593097629e-17,1.2102322578430176,23.467274866998196,False
PID,front,0,23,1.1500000000000001,0.7048280818790035,6.206619725639229e-19,9.709578713666134e-17,2.0,0.0,1.2951719181209964,0.6970983424191652,-1.797395275478506e-16,1.0,-8.301431764604986e-17,1.2017080783843994,24.668982945382595,False
PID,front,0,24,1.2000000000000002,0.7391711831851561,3.7930931617622524e-18,1.1629382487270986e-16,2.0,0.0,1.2608288168148438,0.6939174129048788,4.1119590892520887e-16,1.0,-6.295103203624147e-17,1.202008605003357,25.870991550385952,False
PID,front,0,25,1.25,0.7736742383421011,8.049622764435725e-18,1.2274650963515677e-16,2.0,0.0,1.2263257616578989,0.6778319297910191,1.3703774337758414e-17,1.0,-9.931652550714294e-17,1.2076069116592407,27.078598462045193,False
PID,front,0,26,1.3,0.8081948091144068,1.2334521524529103e-17,1.1734953783419435e-16,2.0,0.0,1.1918051908855931,0.6682885946412608,4.2436119229877553e-16,1.0,-9.811183951535541e-17,1.2082200050354004,28.286818467080593,False
PID,front,0,27,1.35,0.8427138994047965,1.6603099363324835e-17,1.1374218613641936e-16,2.0,0.0,1.1572861005952035,0.6989728746593067,-4.612421671268225e-16,1.0,-8.879396755230077e-17,1.2081681489944458,29.49498661607504,False
PID,front,0,28,1.4000000000000001,0.8770629796046557,1.919474728713925e-17,8.507669577990496e-17,2.0,0.0,1.1229370203953444,0.696248048752055,-6.209621412479403e-16,1.0,-9.047786243399742e-17,1.2022178173065186,30.697204433381557,False
PID,front,0,29,1.4500000000000002,0.9114225846827559,2.2113375427381903e-17,6.042004274453785e-17,2.0,0.0,1.088577415317244,0.6921823188390843,-4.0042659207269865e-16,1.0,-5.36981036774396e-17,1.2025861740112305,31.899790607392788,False
PID,front,0,30,1.5,0.9459449374399366,2.3995042637503245e-17,3.533247022153185e-17,2.0,0.0,1.0540550625600633,0.673562690320477,-6.372763934630984e-16,1.0,-4.175920737311474e-17,1.2082823514938354,33.10807295888662,False
PID,front,0,31,1.55,0.9805542385716813,2.4895064986807136e-17,1.4883565015155738e-17,2.0,0.0,1.0194457614283188,0.6558023609470534,-1.6181412944334179e-16,1.0,-2.4971757166724578e-17,1.2113255262374878,34.31939848512411,False
PID,front,0,32,1.6,1.0149445482456048,2.4649022514822204e-17,-2.282117062001035e-18,2.0,0.0,0.9850554517543952,0.6984997346506555,-2.90449452846587e-16,1.0,-1.4444045876666208e-17,1.2036608457565308,35.52305933088064,False
PID,front,0,33,1.6500000000000001,1.049307574153889,2.4915826498236398e-17,-2.024336166956516e-17,2.0,0.0,0.9506924258461109,0.6951409400263084,-2.6480713566684407e-16,1.0,-4.350678854453307e-18,1.2027058601379395,36.72576519101858,False
PID,front,0,34,1.7000000000000002,1.0836652831046216,2.418724125263299e-17,-3.3557492004982354e-17,2.0,0.0,0.9163347168953784,0.6908999872891609,-3.768616991358414e-16,1.0,7.613674760403486e-18,1.2025197744369507,37.92828496545553,False
PID,front,0,35,1.75,1.1182736958786463,2.2552990255669482e-17,-5.761743805437156e-17,2.0,0.0,0.8817263041213537,0.6736264731862407,-4.61573002304858e-16,1.0,1.4287624368471205e-17,1.211294412612915,39.13957937806845,False
PID,front,0,36,1.8,1.152869638061049,2.008017109154848e-17,-8.235130087094469e-17,2.0,0.0,0.847130361938951,0.6997504077503596,-3.2266855509664285e-16,1.0,4.0082098681163474e-17,1.2108579874038696,40.35043736547232,False
PID,front,0,37,1.85,1.1871793934614832,1.6999570006383967e-17,-9.182883469966958e-17,2.0,0.0,0.8128206065385168,0.6979320335847071,7.408663986460689e-17,1.0,6.003934304516501e-17,1.2008414268493652,41.55127879232168,False
PID,front,0,38,1.9000000000000001,1.2215414479969386,1.3125703596868304e-17,-7.675187611311302e-17,2.0,0.0,0.7784585520030614,0.6942676977520547,1.7991883820351502e-16,1.0,5.857854208339637e-17,1.170896291732788,42.72217508405447,False
PID,front,0,39,1.9500000000000002,1.255926377785015,1.0904024068144072e-17,-6.021055759756054e-17,2.0,0.0,0.7440736222149851,0.6880064818251085,4.589898723691903e-16,1.0,3.441332406421917e-17,1.0291059017181396,43.75128098577261,False
PID,front,0,40,2.0,1.290614326552591,8.979712987581909e-18,-3.805949157961096e-17,2.0,0.0,0.7093856734474091,0.6627436288910378,4.651929543405172e-16,1.0,2.198689908738413e-17,0.8803902268409729,44.63167121261358,False
PID,front,0,41,2.0500000000000003,1.3250983139039691,7.609921845485195e-18,-1.4957926691144824e-17,2.0,0.0,0.6749016860960309,0.699263344339995,3.989204117796615e-16,1.0,3.6944007874889414e-18,0.7222503423690796,45.35392155498266,False
PID,front,0,42,2.1,1.3594050423013273,6.6773692979410405e-18,-2.1406363065916994e-17,2.0,0.0,0.6405949576986727,0.6974380478552334,1.689806285578981e-16,1.0,-1.2701692486719211e-17,0.5691938996315002,45.92311545461416,False
PID,front,0,43,2.15,1.3937882546854587,6.0724957155255405e-18,-2.6881344684241327e-17,2.0,0.0,0.6062117453145413,0.6925411263216369,-2.5136276279510404e-16,1.0,1.2875353266060432e-17,0.41752469539642334,46.340640150010586,False
PID,front,0,44,2.2,1.4282033701650136,5.143002750344748e-18,-4.6964819924053924e-17,2.0,0.0,0.5717966298349864,0.6837788577997455,-4.926504563350881e-16,1.0,1.6018157347464818e-17,0.2645094692707062,46.60514961928129,False
PID,front,0,45,2.25,1.462915856543386,3.1800358568158656e-18,-6.799044873010869e-17,2.0,0.0,0.537084143456614,0.6559184012245485,-5.971514525630752e-16,1.0,4.1603164713640284e-17,0.10198230296373367,46.707131922245026,False
PID,front,0,46,2.3000000000000003,1.4973210570765645,2.3416816546876277e-20,-7.953552752377221e-17,2.0,0.0,0.5026789429234355,0.6988402283974526,-3.799689822975937e-16,1.0,6.068217487768202e-17,-0.04321984946727753,46.66391207277775,False
PID,front,0,47,2.35,1.531640552038977,-2.5889908834662847e-18,-1.0119553267472157e-16,2.0,0.0,0.4683594479610229,0.6967567980773539,-4.742631414830967e-16,1.0,6.824533206371567e-17,-0.1915762573480606,46.47233581542969,False
PID,front,0,48,2.4000000000000004,1.5660475593678802,-6.163320939779559e-18,-1.1679280106371593e-16,2.0,0.0,0.4339524406321198,0.6900857963321988,-2.0411891377829962e-16,1.0,9.433640191120618e-17,-0.34758734703063965,46.12474846839905,False
PID,front,0,49,2.45,1.600044388537721,-1.0383253728769946e-17,-9.32272258458036e-17,2.0,0.0,0.3999556114622791,0.6767146426849676,4.842882707001385e-16,0.9862555861473083,1.0934352948317193e-16,-0.4733566343784332,45.651391834020615,False
PID,front,0,50,2.5,1.6319957588177267,-1.3770756167962833e-17,-9.351378306213821e-17,2.0,0.0,0.36800424118227326,0.6210180641059753,-2.7048468581879648e-17,0.9089900255203247,7.562036852612006e-17,-0.47739219665527344,45.17399963736534,False
PID,front,0,51,2.5500000000000003,1.661290102151496,-1.6853791239616157e-17,-1.0025456286156232e-16,2.0,0.0,0.3387098978485039,0.5843152822841564,2.9186834412277893e-16,0.8363732695579529,1.0047854883165743e-16,-0.4145313501358032,44.75946828722954,False
PID,front,0,52,2.6,1.6880969868218316,-1.9369548322523088e-17,-6.078399830366458e-17,2.0,0.0,0.3119030131781684,0.5227199111480538,1.0432371695287762e-15,0.7697951793670654,1.1907943867547617e-16,-0.3441319167613983,44.41533637046814,False
PID,front,0,53,2.6500000000000004,1.7132493969568696,-2.0608652027895027e-17,-2.4677451933539837e-17,2.0,0.0,0.2867506030431304,0.4988115969630865,6.443296280949336e-16,0.7088704705238342,6.743452300984629e-17,-0.3086529076099396,44.1066834628582,False
PID,front,0,54,2.7,1.7356208284609898,-2.1138093069245235e-17,1.5308072447460706e-17,2.0,0.0,0.26437917153901025,0.4532827230048786,6.540126726046046e-16,0.6517059206962585,4.944290131800961e-17,-0.20324912667274475,43.903434336185455,False
PID,front,0,55,2.75,1.7565442062420784,-2.1281248248353087e-17,2.593519380583068e-17,2.0,0.0,0.2434557937579216,0.404381694858073,1.1853285218302376e-16,0.6008617877960205,2.30592973925285e-17,-0.16583216190338135,43.737602174282074,False
PID,front,0,56,2.8000000000000003,1.7758676747748305,-2.0546673499863165e-17,5.91784959292787e-17,2.0,0.0,0.22413232522516946,0.38474857136900087,6.809476357062935e-16,0.5533086061477661,4.10636444309087e-17,-0.11739856004714966,43.620203614234924,False
PID,front,0,57,2.85,1.7936388938035348,-1.946781494003332e-17,7.316331332691786e-17,2.0,0.0,0.2063611061964652,0.34457837096254174,2.8851581574288236e-16,0.5093916654586792,2.471224207083556e-18,-0.07123216986656189,43.54897144436836,False
PID,front,0,58,2.9000000000000004,1.8098589638699658,-1.829759324703596e-17,8.217324877483357e-17,2.0,0.0,0.1901410361300342,0.3189680747306573,2.5563551499618637e-16,0.46900248527526855,6.94153178288066e-18,-0.02678225003182888,43.52218919433653,False
PID,front,0,59,2.95,1.8247994051822631,-1.7056879927510777e-17,9.377246412114794e-17,2.0,0.0,0.17520059481773687,0.2890762952622918,1.9923790727583407e-16,0.43213871121406555,4.888456681224551e-18,0.004916002973914146,43.52710519731045,False
PID,front,0,60,3.0,1.838601554141796,-1.574811160754685e-17,1.0139178406410934e-16,2.0,0.0,0.16139844585820406,0.2662984685345445,1.5170186987469913e-17,0.3981831669807434,-4.852668298432138e-18,0.031018678098917007,43.558123875409365,False
PID,front,0,61,3.0500000000000003,1.851356738930796,-1.4511791386894276e-17,1.0082862579545453e-16,2.0,0.0,0.1486432610692039,0.24123736582195812,-1.341920571498476e-16,0.36681464314460754,-7.902555181628443e-18,0.05222617834806442,43.61035005375743,False
PID,front,0,62,3.1,1.8600257999383065,-1.3605774927346042e-17,9.491892895531699e-17,2.0,0.0,0.13997420006169348,0.10854734186731999,-1.224873519683029e-16,0.0,0.0,0.10781173408031464,43.718161787837744,False
PID,front,0,63,3.1500000000000004,1.8618680578806275,-1.3440292280810943e-17,9.135195734129982e-17,2.0,0.0,0.13813194211937252,0.008658164348378305,-3.429838257140017e-17,0.0,0.0,40.04926300048828,83.76742478832603,True
PID,left_30deg,0,0,0.0,0.0,0.0,0.0,1.7320508,1.0,1.9999999730776528,0.0,0.0,0.0,0.0,0.0,0.0,False
PID,left_30deg,0,1,0.05,-5.3823094112089517e-05,-4.659369815456609e-05,0.024971697135687025,1.7320508,1.0,2.000069882138801,-0.0005594543122841775,1.0617229084624369,0.0,0.7374630570411682,-0.37308716773986816,-0.37308716773986816,False
PID,left_30deg,0,2,0.1,1.7328838960481504e-05,-5.161727930850157e-05,0.10521051821366749,1.7320508,1.0,2.0000107752149505,0.003784216244185599,1.9409543825985827,0.0,0.33356961607933044,-0.2772279977798462,-0.6503151655197144,False
PID,left_30deg,0,3,0.15000000000000002,3.288795704647887e-05,-0.0007685354368242242,0.18057611750058514,1.7320508,1.0,2.000355875260579,-0.0004117315074991735,1.415807511241146,0.0,0.2381662279367447,-0.16723287105560303,-0.8175480365753174,False
PID,left_30deg,0,4,0.2,1.8488517002236717e-05,-0.000977057750706934,0.2390098392368545,1.7320508,1.0,2.0004726733187934,-0.003820786511752366,1.060368469576227,0.0,0.18895232677459717,-0.09376603364944458,-0.911314070224762,False
PID,left_30deg,0,5,0.25,-1.4149710698733042e-05,-0.001135829813119302,0.2871963920084576,1.7320508,1.0,2.0005803803599678,-0.0015182219176950668,0.9208798899285441,0.0,0.15962636470794678,-0.04988587647676468,-0.9611999467015266,False
PID,left_30deg,0,6,0.30000000000000004,-4.057131462722621e-05,-0.0012593290004476493,0.32741160270675274,1.7320508,1.0,2.0006650596791746,-0.002913443620591519,0.7426570699330179,0.0,0.13293276727199554,-0.03757435455918312,-0.9987743012607098,False
PID,left_30deg,0,7,0.35000000000000003,-8.129022814958552e-05,-0.001375496128720437,0.3605178497751319,1.7320508,1.0,2.0007584513807077,-0.0005469263505652909,0.6439490200054402,0.0,0.11024914681911469,-0.025485970079898834,-1.0242602713406086,False
PID,left_30deg,0,8,0.4,-0.00011185586738643802,-0.0014544465565939925,0.3880794129665205,1.7320508,1.0,2.000824428437998,-0.0010034490107084697,0.5301349028011739,0.0,0.09196466207504272,-0.020815756171941757,-1.0450760275125504,False
PID,left_30deg,0,9,0.45,-0.0001353383732246184,-0.0015165362898989902,0.4109678583558509,1.7320508,1.0,2.000875835467575,-0.0007144887520931242,0.4416068871516868,0.0,0.07646895945072174,-0.016797279939055443,-1.0618733074516058,False
PID,left_30deg,0,10,0.5,-0.00016166845681990952,-0.0015728680537547982,0.42992098758148156,1.7320508,1.0,2.000926826353493,-0.0003117092292813811,0.3704956862440718,0.0,0.06365213543176651,-0.013441807590425014,-1.0753151150420308,False
PID,left_30deg,0,11,0.55,0.0029919345891668784,-9.330850084372249e-05,0.4478325607822807,1.7320508,1.0,1.9974561583260504,0.13651740093529077,0.35183989320775094,1.0,0.05308649316430092,0.1183137595653534,-0.9570013554766774,False
PID,left_30deg,0,12,0.6000000000000001,0.01239306457145464,0.004511758119636568,0.4650222818696613,1.7320508,1.0,1.9870127039991945,0.2766151209569523,0.3362641068705035,1.0,0.041403576731681824,0.363640159368515,-0.5933611961081624,False
PID,left_30deg,0,13,0.65,0.027960106994181378,0.012447203295034839,0.48142982219446145,1.7320508,1.0,1.9695648088128437,0.41670315525882606,0.3206984818601477,1.0,0.030212387442588806,0.6089659929275513,0.015604796819388866,False
PID,left_30deg,0,14,0.7000000000000001,0.04929101067889622,0.02383257201943865,0.4980036280582665,1.7320508,1.0,1.945400544066607,0.5465243118503653,0.34889921789764156,1.0,0.019619178026914597,0.8309711813926697,0.8465759782120585,False
PID,left_30deg,0,15,0.75,0.07520436702952595,0.038445959256197856,0.5086810568868185,1.7320508,1.0,1.9156529429374876,0.6122050969221424,0.3089596569053568,1.0,0.008108957670629025,0.9886834621429443,1.8352594403550029,False
PID,left_30deg,0,16,0.8,0.10382574710862065,0.05494018898791165,0.5171591087381741,1.7320508,1.0,1.882619131068984,0.692806545438373,0.018664220268711784,1.0,0.004702664911746979,1.100912094116211,2.936171534471214,False
PID,left_30deg,0,17,0.8500000000000001,0.13337884509301406,0.07212247197697545,0.5198673192126683,1.7320508,1.0,1.8484341078923863,0.6851942171889217,0.04329304001441443,1.0,0.000223067298065871,1.1587494611740112,4.094920995645225,False
PID,left_30deg,0,18,0.9,0.16351666441709856,0.08942775833309471,0.5204417729529537,1.7320508,1.0,1.8136816335852208,0.6990957091096277,0.005243421082010955,1.0,0.0023224421311169863,1.212558388710022,5.307479384355247,False
PID,left_30deg,0,19,0.9500000000000001,0.1932589308154005,0.10673925116610387,0.5229251111751142,1.7320508,1.0,1.7792681387852054,0.6723572984075139,0.11131261720987767,1.0,0.0035555935464799404,1.1730148792266846,6.480494263581932,False
PID,left_30deg,0,20,1.0,0.22321134019824015,0.12412084187107904,0.5242405457175834,1.7320508,1.0,1.7446377114256701,0.6993306199394798,0.0018613739284314551,1.0,0.00036865854053758085,1.2003297805786133,7.680824044160545,False
PID,left_30deg,0,21,1.05,0.25304551228533256,0.1415825501785943,0.5259261893854303,1.7320508,1.0,1.7100693230621502,0.6980434929289703,0.015175480323411194,1.0,0.00028422795003280044,1.189702033996582,8.870526078157127,False
PID,left_30deg,0,22,1.1,0.2827706173159405,0.15905365936914956,0.5276036649615728,1.7320508,1.0,1.6755905608386972,0.69731765802846,0.005145202699461053,1.0,-0.0012673899764195085,1.1849339008331299,10.055459978990257,False
PID,left_30deg,0,23,1.1500000000000001,0.312553017640147,0.17658931428970692,0.5286983992156853,1.7320508,1.0,1.6410298731887498,0.6955884719108294,0.007758639267385514,1.0,-0.0025509458500891924,1.1902650594711304,11.245725038461387,False
PID,left_30deg,0,24,1.2000000000000002,0.3422195601844579,0.19414049878325154,0.5300215541037304,1.7320508,1.0,1.6065616531883795,0.6949399768854843,0.0038089788500302183,1.0,-0.003020887030288577,1.185800552368164,12.431525590829551,False
PID,left_30deg,0,25,1.25,0.37192271133868987,0.21172571316406094,0.5308930794286254,1.7320508,1.0,1.5720447528223178,0.6909354875840559,0.019367511728004647,1.0,-0.004278822802007198,1.188849687576294,13.620375278405845,False
PID,left_30deg,0,26,1.3,0.401561004115298,0.22931323165823744,0.5319403106278321,1.7320508,1.0,1.5375828853328457,0.689970007495502,0.01642324638161849,1.0,-0.004725693725049496,1.1855260133743286,14.805901291780174,False
PID,left_30deg,0,27,1.35,0.43123243739672357,0.24692730918875955,0.5324657488439483,1.7320508,1.0,1.5030791159966574,0.6848994327665308,0.028813988113734354,1.0,-0.005771649535745382,1.189571738243103,15.995473030023277,False
PID,left_30deg,0,28,1.4000000000000001,0.46091377626532876,0.26457796707936254,0.5329213077793552,1.7320508,1.0,1.4685485486779168,0.6770144699703484,0.05880774863569989,1.0,-0.005957731511443853,1.191749095916748,17.187222125940025,False
PID,left_30deg,0,29,1.4500000000000002,0.4905146258266417,0.2822205662745736,0.5334243146979167,1.7320508,1.0,1.4340918132610603,0.678515458932388,0.03812537497068047,1.0,-0.006444278173148632,1.1857203245162964,18.37294245045632,False
PID,left_30deg,0,30,1.5,0.520277444723605,0.2998943397052712,0.5336272626903124,1.7320508,1.0,1.3994793828908871,0.6979577921366777,-0.013327146971201912,1.0,-0.0070773279294371605,1.2039719820022583,19.57691443245858,False
PID,left_30deg,0,31,1.55,0.5498055533869552,0.317529879057563,0.5346488756578835,1.7320508,1.0,1.3650894598924121,0.6658609666325983,0.081690947237328,1.0,-0.007195907179266214,1.1731427907943726,20.750057223252952,False
PID,left_30deg,0,32,1.6,0.5793974085132824,0.33520515886989166,0.53456737617558,1.7320508,1.0,1.3306246531167145,0.6966130172361578,-0.02506177139078364,1.0,-0.00880275759845972,1.1948026418685913,21.944859865121543,False
PID,left_30deg,0,33,1.6500000000000001,0.6089173413871175,0.35288406063730743,0.5350207720182848,1.7320508,1.0,1.2962205645662532,0.6960234872477864,-0.0133216640506502,1.0,-0.008254937827587128,1.1841108798980713,23.128970745019615,False
PID,left_30deg,0,34,1.7000000000000002,0.6383925290288057,0.3705582779094872,0.5353687254501042,1.7320508,1.0,1.261857854011239,0.6946894828602586,-0.019122522460103777,1.0,-0.00929400883615017,1.1828187704086304,24.311789515428245,False
PID,left_30deg,0,35,1.75,0.6678793354304527,0.38823719788505645,0.5355900372245301,1.7320508,1.0,1.227483027174088,0.6938215512477046,-0.012537597986565563,1.0,-0.009826128371059895,1.1835815906524658,25.49537110608071,False
PID,left_30deg,0,36,1.8,0.6973882693195929,0.4059213275703842,0.5355836674770753,1.7320508,1.0,1.1930867415081623,0.6927119519627672,-0.021385288563211723,1.0,-0.010262655094265938,1.1849486827850342,26.680319788865745,False
PID,left_30deg,0,37,1.85,0.7268632760849411,0.42359979962462574,0.5355537853490604,1.7320508,1.0,1.158723047991414,0.6914844909618063,-0.010543310549882548,1.0,-0.010482857935130596,1.1825886964797974,27.862908485345542,False
PID,left_30deg,0,38,1.9000000000000001,0.7563624093373991,0.44127546046274324,0.5355672045439499,1.7320508,1.0,1.1243402069043391,0.6881895048993455,-0.003113602504447442,1.0,-0.010872142389416695,1.184656023979187,29.04756450932473,False
PID,left_30deg,0,39,1.9500000000000002,0.7858485109068654,0.45894018495860794,0.5353888931490907,1.7320508,1.0,1.0899745184321694,0.6852844880681807,0.009686449694158453,1.0,-0.011340363882482052,1.1837986707687378,30.231363180093467,False
PID,left_30deg,0,40,2.0,0.8153596900759558,0.47659829946127724,0.5352924686375728,1.7320508,1.0,1.0555907767797326,0.6824563484600364,0.011310680281028385,1.0,-0.011540981009602547,1.184245228767395,31.415608408860862,False
PID,left_30deg,0,41,2.0500000000000003,0.8449286952250822,0.49426513443779724,0.534567073696083,1.7320508,1.0,1.0211529470643297,0.674632257742007,0.038013739376814,1.0,-0.01200051885098219,1.1880266666412354,32.6036350755021,False
PID,left_30deg,0,42,2.1,0.8744407592555768,0.5119096867734432,0.5345089021471653,1.7320508,1.0,0.9867761121511135,0.673609649560426,0.03790864246884796,1.0,-0.011532199569046497,1.1835598945617676,33.787194970063865,False
PID,left_30deg,0,43,2.15,0.9040481965752183,0.5295529627690826,0.5338594534586372,1.7320508,1.0,0.9523175348438246,0.6955474591675527,-0.0326989441328393,1.0,-0.012508655898272991,1.1978633403778076,34.98505831044167,False
PID,left_30deg,0,44,2.2,0.9335153338970881,0.5471718043265664,0.5338083262225674,1.7320508,1.0,0.9179935881369461,0.6953081962693697,-0.025136619377656183,1.0,-0.012145508080720901,1.1816908121109009,36.166749122552574,False
PID,left_30deg,0,45,2.25,0.9629986105666514,0.5647773767236955,0.5332986937006904,1.7320508,1.0,0.8836628122253563,0.6946459563769809,-0.0377340552632382,1.0,-0.013190503232181072,1.1809487342834473,37.34769785683602,False
PID,left_30deg,0,46,2.3000000000000003,0.9924699522239881,0.5823698160215082,0.5330225322575944,1.7320508,1.0,0.8493496136335845,0.6938700291051754,-0.02721336275184159,1.0,-0.013153070583939552,1.180612564086914,38.528310420922935,False
PID,left_30deg,0,47,2.35,1.0219139725131459,0.599939140916736,0.5327016536134853,1.7320508,1.0,0.8150723718302629,0.6926790308562167,-0.03177074404908135,1.0,-0.01382759865373373,1.179618000984192,39.70792842190713,False
PID,left_30deg,0,48,2.4000000000000004,1.0514230474142239,0.6175028907232823,0.5320408379102838,1.7320508,1.0,0.7807420471452127,0.6919080874114559,-0.029442745549764875,1.0,-0.014329110272228718,1.1564034223556519,40.86433184426278,False
PID,left_30deg,0,49,2.45,1.0808679267224908,0.6350386250742256,0.5317924954088261,1.7320508,1.0,0.7464823567962898,0.6894107931307287,-0.01852170247008678,1.0,-0.014391894452273846,1.0156607627868652,41.879992607049644,False
PID,left_30deg,0,50,2.5,1.1103494791742803,0.6525439115263463,0.5311670639234559,1.7320508,1.0,0.7122065967758591,0.689556404368999,-0.027001355434260934,1.0,-0.015394827350974083,0.8651931881904602,42.745185795240104,False
PID,left_30deg,0,51,2.5500000000000003,1.1399163605304814,0.6700570384795437,0.5303175880647071,1.7320508,1.0,0.6778536157686963,0.6822467183284535,0.002428723456037096,1.0,-0.015570161864161491,0.7161673307418823,43.46135312598199,False
PID,left_30deg,0,52,2.6,1.1693524389364454,0.6875077576696856,0.5297185194832783,1.7320508,1.0,0.643646502820252,0.687094790343685,-0.022612260767034712,1.0,-0.015760520473122597,0.5603256821632385,44.021678808145225,False
PID,left_30deg,0,53,2.6500000000000004,1.1991328343122938,0.7049988161837869,0.5279463134306556,1.7320508,1.0,0.609120046902879,0.6682911145463255,0.0330467624199037,1.0,-0.01662277616560459,0.41544783115386963,44.437126639299095,False
PID,left_30deg,0,54,2.7,1.2284212938996433,0.7223708181356566,0.5280143739947644,1.7320508,1.0,0.5750831403792522,0.6839866586594383,-0.011310846901897917,1.0,-0.015472057275474072,0.2566312253475189,44.693757864646614,False
PID,left_30deg,0,55,2.75,1.2582830937672573,0.7397910503846998,0.5258021991573502,1.7320508,1.0,0.5405224460135238,0.6946551884127751,-0.05278882311895626,1.0,-0.018336793407797813,0.11669737100601196,44.810455235652626,False
PID,left_30deg,0,56,2.8000000000000003,1.287536419166027,0.7571024974775156,0.5260166461003047,1.7320508,1.0,0.5065493170377022,0.677559819162479,0.01871095875604959,1.0,-0.016119014471769333,-0.04848736152052879,44.7619678741321,False
PID,left_30deg,0,57,2.85,1.3173001779333022,0.7744109946528311,0.5241304162286334,1.7320508,1.0,0.4721318230428021,0.6927863569568131,-0.05296055004914812,1.0,-0.019918132573366165,-0.18685802817344666,44.57510984595865,False
PID,left_30deg,0,58,2.9000000000000004,1.3467871681941292,0.7916906779073832,0.5233703239634895,1.7320508,1.0,0.4379735397731114,0.6648023251972415,0.045358014722887856,1.0,-0.018328463658690453,-0.34922295808792114,44.22588688787073,False
PID,left_30deg,0,59,2.95,1.3763240316201313,0.8088522648951308,0.5208168237281088,1.7320508,1.0,0.4038303773188415,0.6896463934680088,-0.07866821987392737,0.9950125217437744,-0.02072555013000965,-0.480461061000824,43.745425826869905,False
PID,left_30deg,0,60,3.0,1.4035757229325294,0.8249664135921408,0.5203989408849624,1.7320508,1.0,0.3721997006646848,0.6305044968531783,-0.054951484183824756,0.9174431562423706,-0.019565680995583534,-0.48496076464653015,43.260465062223375,False
PID,left_30deg,0,61,3.0500000000000003,1.429540053400562,0.8398828009462181,0.5152867673704447,1.7320508,1.0,0.3422721943305621,0.5743249230909919,-0.06967462391969065,0.8455071449279785,-0.023850128054618835,-0.46306538581848145,42.79739967640489,False
PID,left_30deg,0,62,3.1,1.452946030050383,0.8535257764046524,0.5121508655113893,1.7320508,1.0,0.3152049454851712,0.534232715729094,-0.07568485074130447,0.7775759100914001,-0.018418315798044205,-0.38517940044403076,42.41222027596086,False
PID,left_30deg,0,63,3.1500000000000004,1.4748667328415213,0.8659997712504995,0.5076044681233035,1.7320508,1.0,0.2899994717374413,0.46540001294423305,0.052240208675849296,0.7160765528678894,-0.020592771470546722,-0.32824933528900146,42.08397094067186,False
PID,left_30deg,0,64,3.2,1.494958088278584,0.8773691336175257,0.5048416008944667,1.7320508,1.0,0.2669293393185963,0.46205221754991854,-0.09664697804219642,0.6588445901870728,-0.01809244230389595,-0.25046151876449585,41.833509421907365,False
PID,left_30deg,0,65,3.25,1.5133662413053222,0.8878001900394944,0.5015525715951437,1.7320508,1.0,0.2457879640675082,0.4066194589003494,-0.02011968975875837,0.6064280867576599,-0.019534079357981682,-0.20997034013271332,41.62353908177465,False
PID,left_30deg,0,66,3.3000000000000003,1.5304565777840073,0.8973266780315136,0.4976688513502782,1.7320508,1.0,0.22623446243351256,0.3884364254072637,-0.09792314216158701,0.5583977103233337,-0.019369790330529213,-0.1476225107908249,41.47591657098383,False
PID,left_30deg,0,67,3.35,1.5461817941640192,0.9060625372841287,0.49395362643370666,1.7320508,1.0,0.20825831433409672,0.3558973615326825,-0.08520231494374542,0.5139873027801514,-0.018099144101142883,-0.10325465351343155,41.372661917470396,False
PID,left_30deg,0,68,3.4000000000000004,1.5606853513748857,0.914044322727523,0.49028250938888374,1.7320508,1.0,0.19171459875915778,0.3267181487862202,-0.08162430009365051,0.4731543958187103,-0.017882701009511948,-0.06193307787179947,41.310728839598596,False
PID,left_30deg,0,69,3.45,1.574066078592805,0.9213277609810657,0.48672854364113516,1.7320508,1.0,0.17648933667299893,0.3015354121823474,-0.08346584357257728,0.43557488918304443,-0.017411530017852783,-0.026979241520166397,41.28374959807843,False
PID,left_30deg,0,70,3.5,1.5864089604146134,0.9279982880809606,0.4830670768076499,1.7320508,1.0,0.16246779713706516,0.27886400364010144,-0.08881705288647193,0.40098974108695984,-0.01693311519920826,0.004186473786830902,41.28793607186526,False
PID,left_30deg,0,71,3.5500000000000003,1.5977947478004504,0.9341077970646563,0.4793250061851665,1.7320508,1.0,0.14955421640633812,0.2582698165695418,-0.09134871465799109,0.36913928389549255,-0.01630670577287674,0.03213425353169441,41.320070325396955,False
PID,left_30deg,0,72,3.6,1.6055920781313617,0.9383821880585599,0.4768376933746657,1.7320508,1.0,0.1406718064748385,0.11060669337279697,-0.047796849073628064,0.0,0.0,0.08505205810070038,41.405122383497655,False
PID,left_30deg,0,73,3.6500000000000004,1.607319383108635,0.9393209774081539,0.47593609275298737,1.7320508,1.0,0.13870783782998783,0.008259104647362799,-0.005191240806180315,0.0,0.0,40.04640197753906,81.45152436103672,True
PID,right_30deg,0,0,0.0,0.0,0.0,0.0,1.7320508,-1.0,1.9999999730776528,0.0,0.0,0.0,0.0,0.0,0.0,False
PID,right_30deg,0,1,0.05,-5.3823094112089096e-05,4.659369815456606e-05,-0.024971697135687025,1.7320508,-1.0,2.000069882138801,-0.0005594543122841668,-1.0617229084624367,0.0,-0.7374630570411682,-0.37308716773986816,-0.37308716773986816,False
PID,right_30deg,0,2,0.1,1.7328838960481653e-05,5.161727930850184e-05,-0.10521051821366749,1.7320508,-1.0,2.0000107752149505,0.0037842162441855797,-1.9409543825985827,0.0,-0.33356961607933044,-0.2772279977798462,-0.6503151655197144,False
PID,right_30deg,0,3,0.15000000000000002,3.288795704647847e-05,0.0007685354368242252,-0.1805761175005851,1.7320508,-1.0,2.000355875260579,-0.0004117315074991756,-1.415807511241146,0.0,-0.2381662279367447,-0.16723287105560303,-0.8175480365753174,False
PID,right_30deg,0,4,0.2,1.8488517002236212e-05,0.000977057750706935,-0.2390098392368545,1.7320508,-1.0,2.0004726733187934,-0.003820786511752378,-1.0603684695762272,0.0,-0.18895232677459717,-0.09376603364944458,-0.911314070224762,False
PID,right_30deg,0,5,0.25,-1.4149710698733301e-05,0.0011358298131193027,-0.28719639200845765,1.7320508,-1.0,2.0005803803599678,-0.0015182219176950546,-0.9208798899285441,0.0,-0.15962636470794678,-0.04988587647676468,-0.9611999467015266,False
PID,right_30deg,0,6,0.30000000000000004,-4.0571314627226326e-05,0.00125932900044765,-0.32741160270675285,1.7320508,-1.0,2.000665059679175,-0.0029134436205915395,-0.7426570699330182,0.0,-0.13293276727199554,-0.03757435455918312,-0.9987743012607098,False
PID,right_30deg,0,7,0.35000000000000003,-8.129022814958577e-05,0.0013754961287204377,-0.36051784977513196,1.7320508,-1.0,2.0007584513807077,-0.0005469263505653028,-0.6439490200054402,0.0,-0.11024914681911469,-0.025485970079898834,-1.0242602713406086,False
PID,right_30deg,0,8,0.4,-0.00011185586738643768,0.0014544465565939928,-0.38807941296652054,1.7320508,-1.0,2.000824428437998,-0.0010034490107084597,-0.530134902801174,0.0,-0.09196466207504272,-0.020815756171941757,-1.0450760275125504,False
PID,right_30deg,0,9,0.45,-0.00013533837322461756,0.0015165362898989904,-0.410967858355851,1.7320508,-1.0,2.000875835467575,-0.0007144887520931108,-0.4416068871516868,0.0,-0.07646895945072174,-0.016797279939055443,-1.0618733074516058,False
PID,right_30deg,0,10,0.5,-0.00016166845681990852,0.0015728680537547984,-0.4299209875814816,1.7320508,-1.0,2.000926826353493,-0.00031170922928137716,-0.37049568624407186,0.0,-0.06365213543176651,-0.013441807590425014,-1.0753151150420308,False
PID,right_30deg,0,11,0.55,0.00299193458916688,9.330850084372193e-05,-0.44783256078228073,1.7320508,-1.0,1.9974561583260504,0.13651740093529077,-0.3518398932077511,1.0,-0.05308649316430092,0.1183137595653534,-0.9570013554766774,False
PID,right_30deg,0,12,0.6000000000000001,0.012393064571454646,-0.004511758119636573,-0.4650222818696624,1.7320508,-1.0,1.9870127039991947,0.2766151209569528,-0.33626410687050395,1.0,-0.041403576731681824,0.363640159368515,-0.5933611961081624,False
PID,right_30deg,0,13,0.65,0.02796010699418142,-0.01244720329503486,-0.4814298221944626,1.7320508,-1.0,1.9695648088128437,0.41670315525882673,-0.32069848186014877,1.0,-0.030212387442588806,0.6089659929275513,0.015604796819388866,False
PID,right_30deg,0,14,0.7000000000000001,0.04929101067889627,-0.023832572019438676,-0.49800362805826653,1.7320508,-1.0,1.945400544066607,0.546524311850365,-0.3488992178976428,1.0,-0.019619178026914597,0.8309711813926697,0.8465759782120585,False
PID,right_30deg,0,15,0.75,0.075204367029526,-0.03844595925619788,-0.5086810568868186,1.7320508,-1.0,1.9156529429374876,0.6122050969221421,-0.3089596569053576,1.0,-0.008108957670629025,0.9886834621429443,1.8352594403550029,False
PID,right_30deg,0,16,0.8,0.10382574710862066,-0.05494018898791166,-0.5171591087381741,1.7320508,-1.0,1.882619131068984,0.6928065454383727,-0.018664220268712103,1.0,-0.004702664911746979,1.100912094116211,2.936171534471214,False
PID,right_30deg,0,17,0.8500000000000001,0.13337884509301406,-0.07212247197697545,-0.5198673192126684,1.7320508,-1.0,1.848434107892386,0.6851942171889214,-0.04329304001441434,1.0,-0.000223067298065871,1.1587494611740112,4.094920995645225,False
PID,right_30deg,0,18,0.9,0.16351666441709853,-0.08942775833309471,-0.5204417729529538,1.7320508,-1.0,1.813681633585221,0.6990957091096276,-0.005243421082010376,1.0,-0.0023224421311169863,1.212558388710022,5.307479384355247,False
PID,right_30deg,0,19,0.9500000000000001,0.19325893081540046,-0.10673925116610387,-0.5229251111751143,1.7320508,-1.0,1.7792681387852054,0.6723572984075138,-0.11131261720987704,1.0,-0.0035555935464799404,1.1730148792266846,6.480494263581932,False
PID,right_30deg,0,20,1.0,0.22321134019824013,-0.12412084187107904,-0.5242405457175835,1.7320508,-1.0,1.7446377114256701,0.6993306199394796,-0.0018613739284317542,1.0,-0.00036865854053758085,1.2003297805786133,7.680824044160545,False
PID,right_30deg,0,21,1.05,0.2530455122853325,-0.1415825501785943,-0.5259261893854303,1.7320508,-1.0,1.7100693230621502,0.69804349292897,-0.015175480323412219,1.0,-0.00028422795003280044,1.189702033996582,8.870526078157127,False
PID,right_30deg,0,22,1.1,0.28277061731594044,-0.15905365936914956,-0.527603664961573,1.7320508,-1.0,1.6755905608386972,0.69731765802846,-0.0051452026994620505,1.0,0.0012673899764195085,1.1849339008331299,10.055459978990257,False
PID,right_30deg,0,23,1.1500000000000001,0.312553017640147,-0.17658931428970692,-0.5286983992156853,1.7320508,-1.0,1.6410298731887498,0.6955884719108295,-0.007758639267385842,1.0,0.0025509458500891924,1.1902650594711304,11.245725038461387,False
PID,right_30deg,0,24,1.2000000000000002,0.3422195601844579,-0.19414049878325154,-0.5300215541037305,1.7320508,-1.0,1.6065616531883793,0.694939976885484,-0.00380897885003041,1.0,0.003020887030288577,1.185800552368164,12.431525590829551,False
PID,right_30deg,0,25,1.25,0.37192271133868987,-0.21172571316406097,-0.5308930794286255,1.7320508,-1.0,1.5720447528223178,0.6909354875840559,-0.019367511728004726,1.0,0.004278822802007198,1.188849687576294,13.620375278405845,False
PID,right_30deg,0,26,1.3,0.40156100411529794,-0.22931323165823747,-0.5319403106278322,1.7320508,-1.0,1.5375828853328457,0.6899700074955016,-0.016423246381618847,1.0,0.004725693725049496,1.1855260133743286,14.805901291780174,False
PID,right_30deg,0,27,1.35,0.43123243739672346,-0.24692730918875963,-0.5324657488439485,1.7320508,-1.0,1.5030791159966577,0.6848994327665305,-0.028813988113735034,1.0,0.005771649535745382,1.189571738243103,15.995473030023277,False
PID,right_30deg,0,28,1.4000000000000001,0.46091377626532865,-0.26457796707936265,-0.5329213077793555,1.7320508,-1.0,1.468548548677917,0.6770144699703482,-0.058807748635700784,1.0,0.005957731511443853,1.191749095916748,17.187222125940025,False
PID,right_30deg,0,29,1.4500000000000002,0.49051462582664157,-0.2822205662745737,-0.5334243146979171,1.7320508,-1.0,1.4340918132610603,0.6785154589323877,-0.038125374970681025,1.0,0.006444278173148632,1.1857203245162964,18.37294245045632,False
PID,right_30deg,0,30,1.5,0.5202774447236049,-0.2998943397052713,-0.5336272626903126,1.7320508,-1.0,1.3994793828908874,0.6979577921366776,0.013327146971202347,1.0,0.0070773279294371605,1.2039719820022583,19.57691443245858,False
PID,right_30deg,0,31,1.55,0.5498055533869551,-0.31752987905756314,-0.5346488756578839,1.7320508,-1.0,1.3650894598924126,0.6658609666325982,-0.08169094723732824,1.0,0.007195907179266214,1.1731427907943726,20.750057223252952,False
PID,right_30deg,0,32,1.6,0.5793974085132823,-0.3352051588698918,-0.5345673761755805,1.7320508,-1.0,1.3306246531167147,0.6966130172361578,0.025061771390783492,1.0,0.00880275759845972,1.1948026418685913,21.944859865121543,False
PID,right_30deg,0,33,1.6500000000000001,0.6089173413871174,-0.35288406063730754,-0.535020772018285,1.7320508,-1.0,1.2962205645662532,0.6960234872477862,0.013321664050649834,1.0,0.008254937827587128,1.1841108798980713,23.128970745019615,False
PID,right_30deg,0,34,1.7000000000000002,0.6383925290288056,-0.3705582779094873,-0.5353687254501046,1.7320508,-1.0,1.261857854011239,0.6946894828602586,0.019122522460103094,1.0,0.00929400883615017,1.1828187704086304,24.311789515428245,False
PID,right_30deg,0,35,1.75,0.6678793354304526,-0.3882371978850566,-0.5355900372245305,1.7320508,-1.0,1.2274830271740882,0.6938215512477046,0.012537597986565195,1.0,0.009826128371059895,1.1835815906524658,25.49537110608071,False
PID,right_30deg,0,36,1.8,0.6973882693195927,-0.40592132757038435,-0.5355836674770758,1.7320508,-1.0,1.1930867415081623,0.6927119519627671,0.02138528856321105,1.0,0.010262655094265938,1.1849486827850342,26.680319788865745,False
PID,right_30deg,0,37,1.85,0.726863276084941,-0.4235997996246259,-0.5355537853490606,1.7320508,-1.0,1.1587230479914137,0.6914844909618063,0.010543310549881816,1.0,0.010482857935130596,1.1825886964797974,27.862908485345542,False
PID,right_30deg,0,38,1.9000000000000001,0.756362409337399,-0.4412754604627434,-0.5355672045439503,1.7320508,-1.0,1.1243402069043391,0.6881895048993454,0.003113602504446069,1.0,0.010872142389416695,1.184656023979187,29.04756450932473,False
PID,right_30deg,0,39,1.9500000000000002,0.7858485109068651,-0.4589401849586081,-0.5353888931490911,1.7320508,-1.0,1.0899745184321694,0.6852844880681805,-0.009686449694158675,1.0,0.011340363882482052,1.1837986707687378,30.231363180093467,False
PID,right_30deg,0,40,2.0,0.8153596900759555,-0.4765982994612774,-0.5352924686375735,1.7320508,-1.0,1.0555907767797328,0.6824563484600363,-0.011310680281029559,1.0,0.011540981009602547,1.184245228767395,31.415608408860862,False
PID,right_30deg,0,41,2.0500000000000003,0.844928695225082,-0.4942651344377974,-0.5345670736960835,1.7320508,-1.0,1.02115294706433,0.6746322577420076,-0.03801373937681463,1.0,0.01200051885098219,1.1880266666412354,32.6036350755021,False
PID,right_30deg,0,42,2.1,0.8744407592555765,-0.5119096867734434,-0.5345089021471656,1.7320508,-1.0,0.9867761121511136,0.6736096495604257,-0.03790864246884791,1.0,0.011532199569046497,1.1835598945617676,33.787194970063865,False
PID,right_30deg,0,43,2.15,0.904048196575218,-0.5295529627690828,-0.5338594534586376,1.7320508,-1.0,0.9523175348438249,0.6955474591675521,0.0326989441328384,1.0,0.012508655898272991,1.1978633403778076,34.98505831044167,False
PID,right_30deg,0,44,2.2,0.9335153338970876,-0.5471718043265666,-0.5338083262225678,1.7320508,-1.0,0.9179935881369465,0.6953081962693692,0.025136619377655472,1.0,0.012145508080720901,1.1816908121109009,36.166749122552574,False
PID,right_30deg,0,45,2.25,0.9629986105666509,-0.5647773767236959,-0.533298693700692,1.7320508,-1.0,0.8836628122253566,0.6946459563769825,0.03773405526323745,1.0,0.013190503232181072,1.1809487342834473,37.34769785683602,False
PID,right_30deg,0,46,2.3000000000000003,0.9924699522239877,-0.5823698160215085,-0.533022532257596,1.7320508,-1.0,0.849349613633585,0.6938700291051767,0.027213362751841948,1.0,0.013153070583939552,1.180612564086914,38.528310420922935,False
PID,right_30deg,0,47,2.35,1.0219139725131456,-0.5999391409167365,-0.5327016536134871,1.7320508,-1.0,0.8150723718302627,0.6926790308562178,0.031770744049081145,1.0,0.01382759865373373,1.179618000984192,39.70792842190713,False
PID,right_30deg,0,48,2.4000000000000004,1.0514230474142237,-0.617502890723283,-0.5320408379102856,1.7320508,-1.0,0.7807420471452126,0.6919080874114569,0.02944274554976396,1.0,0.014329110272228718,1.1564034223556519,40.86433184426278,False
PID,right_30deg,0,49,2.45,1.0808679267224905,-0.6350386250742264,-0.5317924954088279,1.7320508,-1.0,0.7464823567962897,0.68941079313073,0.018521702470085766,1.0,0.014391894452273846,1.0156607627868652,41.879992607049644,False
PID,right_30deg,0,50,2.5,1.11034947917428,-0.652543911526347,-0.5311670639234577,1.7320508,-1.0,0.712206596775859,0.6895564043690002,0.02700135543426084,1.0,0.015394827350974083,0.8651931881904602,42.745185795240104,False
PID,right_30deg,0,51,2.5500000000000003,1.1399163605304812,-0.6700570384795446,-0.5303175880647077,1.7320508,-1.0,0.6778536157686961,0.6822467183284536,-0.0024287234560364107,1.0,0.015570161864161491,0.7161673307418823,43.46135312598199,False
PID,right_30deg,0,52,2.6,1.1693524389364451,-0.6875077576696866,-0.529718519483279,1.7320508,-1.0,0.6436465028202517,0.6870947903436846,0.022612260767035257,1.0,0.015760520473122597,0.5603256821632385,44.021678808145225,False
PID,right_30deg,0,53,2.6500000000000004,1.1991328343122933,-0.7049988161837879,-0.5279463134306562,1.7320508,-1.0,0.6091200469028789,0.6682911145463256,-0.033046762419903106,1.0,0.01662277616560459,0.41544783115386963,44.437126639299095,False
PID,right_30deg,0,54,2.7,1.2284212938996428,-0.7223708181356576,-0.528014373994765,1.7320508,-1.0,0.5750831403792521,0.6839866586594379,0.011310846901898104,1.0,0.015472057275474072,0.2566312253475189,44.693757864646614,False
PID,right_30deg,0,55,2.75,1.2582830937672569,-0.7397910503847008,-0.5258021991573507,1.7320508,-1.0,0.5405224460135237,0.6946551884127747,0.05278882311895644,1.0,0.018336793407797813,0.11669737100601196,44.810455235652626,False
PID,right_30deg,0,56,2.8000000000000003,1.2875364191660266,-0.7571024974775166,-0.5260166461003053,1.7320508,-1.0,0.5065493170377021,0.6775598191624789,-0.01871095875604897,1.0,0.016119014471769333,-0.04848736152052879,44.7619678741321,False
PID,right_30deg,0,57,2.85,1.3173001779333018,-0.7744109946528321,-0.524130416228634,1.7320508,-1.0,0.47213182304280205,0.6927863569568129,0.05296055004914865,1.0,0.019918132573366165,-0.18685802817344666,44.57510984595865,False
PID,right_30deg,0,58,2.9000000000000004,1.3467871681941288,-0.7916906779073842,-0.5233703239634901,1.7320508,-1.0,0.4379735397731112,0.6648023251972414,-0.045358014722888175,1.0,0.018328463658690453,-0.34922295808792114,44.22588688787073,False
PID,right_30deg,0,59,2.95,1.3763240316201308,-0.808852264895132,-0.5208168237281094,1.7320508,-1.0,0.40383037731884136,0.689646393468009,0.07866821987392743,0.9950125217437744,0.02072555013000965,-0.480461061000824,43.745425826869905,False
PID,right_30deg,0,60,3.0,1.403575722932529,-0.824966413592142,-0.5203989408849632,1.7320508,-1.0,0.37219970066468466,0.6305044968531781,0.05495148418382473,0.9174431562423706,0.019565680995583534,-0.48496076464653015,43.260465062223375,False
PID,right_30deg,0,61,3.0500000000000003,1.4295400534005616,-0.8398828009462193,-0.5152867673704453,1.7320508,-1.0,0.342272194330562,0.5743249230909918,0.06967462391969029,0.8455071449279785,0.023850128054618835,-0.46306538581848145,42.79739967640489,False
PID,right_30deg,0,62,3.1,1.4529460300503825,-0.8535257764046535,-0.51215086551139,1.7320508,-1.0,0.31520494548517103,0.534232715729094,0.07568485074130368,0.7775759100914001,0.018418315798044205,-0.38517940044403076,42.41222027596086,False
PID,right_30deg,0,63,3.1500000000000004,1.4748667328415208,-0.8659997712505006,-0.5076044681233043,1.7320508,-1.0,0.2899994717374412,0.46540001294423305,-0.05224020867584913,0.7160765528678894,0.020592771470546722,-0.32824933528900146,42.08397094067186,False
PID,right_30deg,0,64,3.2,1.4949580882785836,-0.8773691336175268,-0.5048416008944686,1.7320508,-1.0,0.2669293393185962,0.4620522175499195,0.09664697804219556,0.6588445901870728,0.01809244230389595,-0.25046151876449585,41.833509421907365,False
PID,right_30deg,0,65,3.25,1.5133662413053217,-0.8878001900394955,-0.5015525715951445,1.7320508,-1.0,0.2457879640675081,0.40661945890034923,0.020119689758758025,0.6064280867576599,0.019534079357981682,-0.20997034013271332,41.62353908177465,False
PID,right_30deg,0,66,3.3000000000000003,1.530456577784007,-0.8973266780315148,-0.4976688513502791,1.7320508,-1.0,0.2262344624335124,0.38843642540726353,0.09792314216158668,0.5583977103233337,0.019369790330529213,-0.1476225107908249,41.47591657098383,False
PID,right_30deg,0,67,3.35,1.5461817941640188,-0.9060625372841299,-0.49395362643370755,1.7320508,-1.0,0.20825831433409656,0.3558973615326825,0.08520231494374501,0.5139873027801514,0.018099144101142883,-0.10325465351343155,41.372661917470396,False
PID,right_30deg,0,68,3.4000000000000004,1.5606853513748853,-0.9140443227275242,-0.49028250938888457,1.7320508,-1.0,0.19171459875915758,0.32671814878622013,0.08162430009364989,0.4731543958187103,0.017882701009511948,-0.06193307787179947,41.310728839598596,False
PID,right_30deg,0,69,3.45,1.5740660785928045,-0.921327760981067,-0.48672854364113577,1.7320508,-1.0,0.17648933667299882,0.30153541218234725,0.08346584357257716,0.43557488918304443,0.017411530017852783,-0.026979241520166397,41.28374959807843,False
PID,right_30deg,0,70,3.5,1.586408960414613,-0.9279982880809619,-0.4830670768076516,1.7320508,-1.0,0.16246779713706505,0.2788640036401018,0.08881705288647156,0.40098974108695984,0.01693311519920826,0.004186473786830902,41.28793607186526,False
PID,right_30deg,0,71,3.5500000000000003,1.59779474780045,-0.9341077970646575,-0.4793250061851682,1.7320508,-1.0,0.14955421640633798,0.2582698165695423,0.09134871465799096,0.36913928389549255,0.01630670577287674,0.03213425353169441,41.320070325396955,False
PID,right_30deg,0,72,3.6,1.6055920781313613,-0.9383821880585611,-0.47683769337466747,1.7320508,-1.0,0.1406718064748384,0.11060669337279717,0.04779684907362769,0.0,0.0,0.08505205810070038,41.405122383497655,False
PID,right_30deg,0,73,3.6500000000000004,1.6073193831086345,-0.9393209774081551,-0.47593609275298926,1.7320508,-1.0,0.1387078378299877,0.008259104647362837,0.005191240806180148,0.0,0.0,40.04640197753906,81.45152436103672,True
